Topic,Summarized Result,timestamp
india vs pak cricket news,"**India vs Pakistan Cricket News: Key Highlights and Insights**

- **India’s Comprehensive Victory in T20 World Cup 2026**
  - India defeated Pakistan by a commanding margin of 61 runs in the group stage of the 2026 T20 World Cup, marking their largest T20I victory over their rivals (Sources: Sky Sports, ESPNcricinfo, Fox Sports).
  - The win secured India’s qualification for the Super 8 stage, maintaining their unbeaten streak in the tournament (Sky Sports, Facebook).

- **Pakistan’s Performance Criticized**
  - India’s dominance was highlighted by several analysts, including Ashwin, who pointed out a “terrible mistake” in Pakistan’s bowling strategy, especially during the death overs where Shaheen Afridi’s ineffective return allowed India to regain momentum (Times of India).
  - Sunil Gavaskar commented on Pakistan’s inability to perform under high-pressure scenarios, a sentiment echoed across multiple sources (YouTube, India Today).
  - Former cricketer Michael Clarke suggested that off-field distractions, such as the ongoing “boycott circus,” negatively affected Pakistan's focus in the game (Indian Express).

- **Lack of Sportsmanship Highlighted**
  - Reports noted a continuing trend of no handshakes between Indian and Pakistani players after the match, an issue that has persisted since the Asia Cup and reflected ongoing tensions (YouTube, ESPNcricinfo).

- **Public Reaction and Historical Context**
  - Fans in Mumbai and across India celebrated the team’s emphatic win, underscoring the emotional and national importance of the rivalry (Reddit).
  - Observers remarked on the declining competitiveness of recent India-Pakistan encounters, noting that the last close contest between the two was four years prior in Melbourne (Reddit).

- **Summary of Key Trends**
  - India continues to assert dominance over Pakistan in major ICC events, particularly in the T20 format.
  - Pakistan’s recurrent struggles in high-pressure games, coupled with internal and external distractions, have hampered their performance against India.
  - The India-Pakistan rivalry, while retaining its high-profile nature, has seen a notable drop in closely-fought matches, diminishing some of the drama that typically surrounds these encounters.

- **Essential Insights**
  - India’s tactical acumen and composure in big games remain unmatched in the rivalry.
  - Pakistan faces ongoing challenges in both match strategy and handling external controversies, affecting on-field results.
  - The lack of post-match camaraderie is symptomatic of broader off-field tensions but does not diminish the spectacle or fan engagement these clashes generate.",2026-02-18 08:45:35.734367
